DrainI(1),DrainV(1),BulkI(1),BulkV(1),GateI(1),GateV(1),DrainI(2),DrainV(2),BulkI(2),BulkV(2),GateI(2),GateV(2),DrainI(3),DrainV(3),BulkI(3),BulkV(3),GateI(3),GateV(3),DrainI(4),DrainV(4),BulkI(4),BulkV(4),GateI(4),GateV(4),DrainI(5),DrainV(5),BulkI(5),BulkV(5),GateI(5),GateV(5),DrainI(6),DrainV(6),BulkI(6),BulkV(6),GateI(6),GateV(6),DrainI(7),DrainV(7),BulkI(7),BulkV(7),GateI(7),GateV(7),DrainI(8),DrainV(8),BulkI(8),BulkV(8),GateI(8),GateV(8),DrainI(9),DrainV(9),BulkI(9),BulkV(9),GateI(9),GateV(9),DrainI(10),DrainV(10),BulkI(10),BulkV(10),GateI(10),GateV(10),DrainI(11),DrainV(11),BulkI(11),BulkV(11),GateI(11),GateV(11),DrainI(12),DrainV(12),BulkI(12),BulkV(12),GateI(12),GateV(12),DrainI(13),DrainV(13),BulkI(13),BulkV(13),GateI(13),GateV(13),DrainI(14),DrainV(14),BulkI(14),BulkV(14),GateI(14),GateV(14),DrainI(15),DrainV(15),BulkI(15),BulkV(15),GateI(15),GateV(15)
-421.4858E-15,000.0000E-3,37.7241E-12,5.0000E+0,-6.1840E-12,-2.0000E+0,-5.1772E-12,000.0000E-3,17.2485E-12,5.0000E+0,8.7870E-12,-1.5000E+0,-3.5779E-12,000.0000E-3,15.0441E-12,5.0000E+0,6.3900E-12,-1.0000E+0,-547.7459E-15,000.0000E-3,14.5777E-12,5.0000E+0,10.2168E-12,-500.0000E-3,-2.5258E-12,000.0000E-3,14.5777E-12,5.0000E+0,1.0071E-12,000.0000E-3,-13.8891E-12,000.0000E-3,15.5951E-12,5.0000E+0,1.1753E-12,500.0000E-3,-5.4297E-12,000.0000E-3,14.5353E-12,5.0000E+0,7.7777E-12,1.0000E+0,-3.9146E-12,000.0000E-3,13.8147E-12,5.0000E+0,124.0119E-15,1.5000E+0,-4.5459E-12,000.0000E-3,11.7799E-12,5.0000E+0,6.0956E-12,2.0000E+0,-9.9751E-12,000.0000E-3,12.3309E-12,5.0000E+0,10.5112E-12,2.5000E+0,-10.9431E-12,000.0000E-3,13.8995E-12,5.0000E+0,9.4178E-12,3.0000E+0,-6.9028E-12,000.0000E-3,13.9419E-12,5.0000E+0,11.3523E-12,3.5000E+0,-7.3657E-12,000.0000E-3,14.6201E-12,5.0000E+0,6.0115E-12,4.0000E+0,-21.8014E-12,000.0000E-3,12.7125E-12,5.0000E+0,4.7499E-12,4.5000E+0,2.2299E-12,000.0000E-3,14.1538E-12,5.0000E+0,124.0119E-15,5.0000E+0
13.8458E-12,50.0000E-3,33.7815E-12,5.0000E+0,-6.8989E-12,-2.0000E+0,9.2163E-12,50.0000E-3,20.3855E-12,5.0000E+0,15.6417E-12,-1.5000E+0,18.0544E-12,50.0000E-3,18.9442E-12,5.0000E+0,4.7078E-12,-1.0000E+0,15.6555E-12,50.0000E-3,14.6625E-12,5.0000E+0,8.5347E-12,-500.0000E-3,21.3372E-12,50.0000E-3,14.0266E-12,5.0000E+0,1.9743E-12,000.0000E-3,8.4587E-12,50.0000E-3,16.6974E-12,5.0000E+0,2.8575E-12,500.0000E-3,11.7836E-12,50.0000E-3,14.4930E-12,5.0000E+0,4.4975E-12,1.0000E+0,21.8843E-12,50.0000E-3,15.1289E-12,5.0000E+0,-4.8383E-12,1.5000E+0,13.6354E-12,50.0000E-3,12.7549E-12,5.0000E+0,8.9132E-12,2.0000E+0,6.9015E-12,50.0000E-3,14.3658E-12,5.0000E+0,7.4834E-12,2.5000E+0,4.2922E-12,50.0000E-3,12.6277E-12,5.0000E+0,14.2119E-12,3.0000E+0,12.9620E-12,50.0000E-3,13.1788E-12,5.0000E+0,8.8711E-12,3.5000E+0,12.6674E-12,50.0000E-3,12.2462E-12,5.0000E+0,17.6603E-12,4.0000E+0,-7.7866E-12,50.0000E-3,12.8397E-12,5.0000E+0,11.8990E-12,4.5000E+0,12.8357E-12,50.0000E-3,15.5104E-12,5.0000E+0,7.9880E-12,5.0000E+0
36.2779E-12,100.0000E-3,34.6718E-12,5.0000E+0,-6.0999E-12,-2.0000E+0,38.4243E-12,100.0000E-3,18.0115E-12,5.0000E+0,9.2496E-12,-1.5000E+0,39.9394E-12,100.0000E-3,15.8495E-12,5.0000E+0,6.6423E-12,-1.0000E+0,35.8150E-12,100.0000E-3,16.3158E-12,5.0000E+0,10.5953E-12,-500.0000E-3,35.8991E-12,100.0000E-3,17.8420E-12,5.0000E+0,3.9508E-12,000.0000E-3,43.7693E-12,100.0000E-3,14.5777E-12,5.0000E+0,2.8995E-12,500.0000E-3,29.2495E-12,100.0000E-3,14.0266E-12,5.0000E+0,3.0677E-12,1.0000E+0,47.7254E-12,100.0000E-3,13.6451E-12,5.0000E+0,-338.5764E-15,1.5000E+0,29.0811E-12,100.0000E-3,14.2810E-12,5.0000E+0,4.1611E-12,2.0000E+0,22.8523E-12,100.0000E-3,14.7049E-12,5.0000E+0,6.0956E-12,2.5000E+0,35.1837E-12,100.0000E-3,14.6201E-12,5.0000E+0,9.4178E-12,3.0000E+0,42.0017E-12,100.0000E-3,12.7125E-12,5.0000E+0,13.8755E-12,3.5000E+0,34.5524E-12,100.0000E-3,14.8321E-12,5.0000E+0,9.5860E-12,4.0000E+0,17.2969E-12,100.0000E-3,12.7973E-12,5.0000E+0,12.9503E-12,4.5000E+0,28.1973E-12,100.0000E-3,12.5429E-12,5.0000E+0,9.7963E-12,5.0000E+0
52.6916E-12,150.0000E-3,34.5870E-12,5.0000E+0,-2.6935E-12,-2.0000E+0,65.4445E-12,150.0000E-3,18.0115E-12,5.0000E+0,6.0956E-12,-1.5000E+0,58.5419E-12,150.0000E-3,15.8071E-12,5.0000E+0,1.8902E-12,-1.0000E+0,73.9886E-12,150.0000E-3,14.5777E-12,5.0000E+0,10.3010E-12,-500.0000E-3,55.5957E-12,150.0000E-3,16.0191E-12,5.0000E+0,376.3378E-15,000.0000E-3,71.2949E-12,150.0000E-3,15.5528E-12,5.0000E+0,4.0350E-12,500.0000E-3,48.1463E-12,150.0000E-3,14.9169E-12,5.0000E+0,5.9694E-12,1.0000E+0,82.0276E-12,150.0000E-3,13.7723E-12,5.0000E+0,2.1005E-12,1.5000E+0,58.9628E-12,150.0000E-3,12.7549E-12,5.0000E+0,4.4555E-12,2.0000E+0,36.2358E-12,150.0000E-3,13.6875E-12,5.0000E+0,4.7078E-12,2.5000E+0,41.8754E-12,150.0000E-3,11.7375E-12,5.0000E+0,9.1234E-12,3.0000E+0,77.4399E-12,150.0000E-3,14.7473E-12,5.0000E+0,8.8291E-12,3.5000E+0,67.5490E-12,150.0000E-3,14.4506E-12,5.0000E+0,11.2261E-12,4.0000E+0,36.4042E-12,150.0000E-3,12.6700E-12,5.0000E+0,10.9738E-12,4.5000E+0,57.6581E-12,150.0000E-3,15.9343E-12,5.0000E+0,3.5724E-12,5.0000E+0
77.2715E-12,200.0000E-3,30.6445E-12,5.0000E+0,-3.3664E-12,-2.0000E+0,101.9778E-12,200.0000E-3,19.7072E-12,5.0000E+0,11.4364E-12,-1.5000E+0,87.5833E-12,200.0000E-3,17.1637E-12,5.0000E+0,1.6379E-12,-1.0000E+0,109.8905E-12,200.0000E-3,15.4680E-12,5.0000E+0,4.2452E-12,-500.0000E-3,80.0915E-12,200.0000E-3,13.9419E-12,5.0000E+0,3.4882E-12,000.0000E-3,86.0260E-12,200.0000E-3,17.3333E-12,5.0000E+0,7.1469E-12,500.0000E-3,94.1913E-12,200.0000E-3,14.7473E-12,5.0000E+0,4.0350E-12,1.0000E+0,117.4244E-12,200.0000E-3,14.5353E-12,5.0000E+0,-1.0534E-12,1.5000E+0,78.6605E-12,200.0000E-3,14.0690E-12,5.0000E+0,2.1005E-12,2.0000E+0,58.6682E-12,200.0000E-3,15.1713E-12,5.0000E+0,6.2638E-12,2.5000E+0,76.4297E-12,200.0000E-3,12.8820E-12,5.0000E+0,7.1469E-12,3.0000E+0,102.1882E-12,200.0000E-3,14.1538E-12,5.0000E+0,13.3709E-12,3.5000E+0,106.1867E-12,200.0000E-3,11.4407E-12,5.0000E+0,12.8242E-12,4.0000E+0,64.8974E-12,200.0000E-3,13.2212E-12,5.0000E+0,13.5391E-12,4.5000E+0,104.3348E-12,200.0000E-3,13.4755E-12,5.0000E+0,250.1749E-15,5.0000E+0
111.3636E-12,250.0000E-3,31.5348E-12,5.0000E+0,-2.1510E-15,-2.0000E+0,144.4876E-12,250.0000E-3,17.7572E-12,5.0000E+0,5.8433E-12,-1.5000E+0,132.5344E-12,250.0000E-3,17.7148E-12,5.0000E+0,6.4320E-12,-1.0000E+0,137.0379E-12,250.0000E-3,16.9941E-12,5.0000E+0,5.5068E-12,-500.0000E-3,124.3270E-12,250.0000E-3,16.1463E-12,5.0000E+0,-1.5581E-12,000.0000E-3,147.6443E-12,250.0000E-3,16.7397E-12,5.0000E+0,-1.4740E-12,500.0000E-3,162.5859E-12,250.0000E-3,15.6376E-12,5.0000E+0,6.8946E-12,1.0000E+0,161.6178E-12,250.0000E-3,12.7549E-12,5.0000E+0,2.2266E-12,1.5000E+0,113.2576E-12,250.0000E-3,12.0766E-12,5.0000E+0,3.7406E-12,2.0000E+0,93.7704E-12,250.0000E-3,16.1463E-12,5.0000E+0,9.2075E-12,2.5000E+0,110.3956E-12,250.0000E-3,14.2810E-12,5.0000E+0,3.6144E-12,3.0000E+0,157.1564E-12,250.0000E-3,13.1364E-12,5.0000E+0,17.1136E-12,3.5000E+0,140.6575E-12,250.0000E-3,13.3907E-12,5.0000E+0,6.2217E-12,4.0000E+0,114.2678E-12,250.0000E-3,12.9244E-12,5.0000E+0,7.6095E-12,4.5000E+0,125.7160E-12,250.0000E-3,13.3483E-12,5.0000E+0,2.1005E-12,5.0000E+0
151.4323E-12,300.0000E-3,31.0684E-12,5.0000E+0,-5.7214E-12,-2.0000E+0,190.4067E-12,300.0000E-3,17.8844E-12,5.0000E+0,5.2545E-12,-1.5000E+0,193.1424E-12,300.0000E-3,16.4430E-12,5.0000E+0,2.6892E-12,-1.0000E+0,201.0972E-12,300.0000E-3,15.9343E-12,5.0000E+0,8.3665E-12,-500.0000E-3,165.6584E-12,300.0000E-3,15.2136E-12,5.0000E+0,-1.1796E-12,000.0000E-3,190.8696E-12,300.0000E-3,14.8321E-12,5.0000E+0,2.4790E-12,500.0000E-3,247.3530E-12,300.0000E-3,14.0266E-12,5.0000E+0,4.5816E-12,1.0000E+0,220.8791E-12,300.0000E-3,14.7897E-12,5.0000E+0,208.1113E-15,1.5000E+0,150.0854E-12,300.0000E-3,12.4157E-12,5.0000E+0,4.7499E-12,2.0000E+0,154.0839E-12,300.0000E-3,13.3907E-12,5.0000E+0,11.4364E-12,2.5000E+0,162.9226E-12,300.0000E-3,13.1364E-12,5.0000E+0,6.9366E-12,3.0000E+0,192.8057E-12,300.0000E-3,13.8571E-12,5.0000E+0,14.5904E-12,3.5000E+0,165.7425E-12,300.0000E-3,13.8147E-12,5.0000E+0,9.5019E-12,4.0000E+0,135.0176E-12,300.0000E-3,16.5702E-12,5.0000E+0,13.6232E-12,4.5000E+0,185.7769E-12,300.0000E-3,13.5179E-12,5.0000E+0,5.2545E-12,5.0000E+0
199.6662E-12,350.0000E-3,27.7194E-12,5.0000E+0,1.8482E-12,-2.0000E+0,236.9150E-12,350.0000E-3,19.4953E-12,5.0000E+0,3.1098E-12,-1.5000E+0,248.3631E-12,350.0000E-3,18.6898E-12,5.0000E+0,7.4834E-12,-1.0000E+0,255.7287E-12,350.0000E-3,14.8745E-12,5.0000E+0,4.3714E-12,-500.0000E-3,203.9172E-12,350.0000E-3,14.1114E-12,5.0000E+0,-3.1561E-12,000.0000E-3,231.9905E-12,350.0000E-3,18.3083E-12,5.0000E+0,8.1562E-12,500.0000E-3,283.9704E-12,350.0000E-3,13.5179E-12,5.0000E+0,3.5724E-12,1.0000E+0,286.3695E-12,350.0000E-3,15.4256E-12,5.0000E+0,-5.8055E-12,1.5000E+0,207.4106E-12,350.0000E-3,14.4082E-12,5.0000E+0,5.3807E-12,2.0000E+0,215.5338E-12,350.0000E-3,14.1962E-12,5.0000E+0,7.9039E-12,2.5000E+0,218.9009E-12,350.0000E-3,12.2037E-12,5.0000E+0,5.6330E-12,3.0000E+0,288.0530E-12,350.0000E-3,13.3060E-12,5.0000E+0,10.0907E-12,3.5000E+0,215.7021E-12,350.0000E-3,12.0766E-12,5.0000E+0,13.1606E-12,4.0000E+0,188.5968E-12,350.0000E-3,13.4332E-12,5.0000E+0,10.3430E-12,4.5000E+0,256.3600E-12,350.0000E-3,14.7473E-12,5.0000E+0,-2.2730E-12,5.0000E+0
259.3905E-12,400.0000E-3,28.8216E-12,5.0000E+0,-4.5859E-12,-2.0000E+0,317.9783E-12,400.0000E-3,17.7572E-12,5.0000E+0,2.0584E-12,-1.5000E+0,314.1061E-12,400.0000E-3,16.7821E-12,5.0000E+0,7.6516E-12,-1.0000E+0,311.4966E-12,400.0000E-3,15.7647E-12,5.0000E+0,4.1190E-12,-500.0000E-3,266.7560E-12,400.0000E-3,15.8919E-12,5.0000E+0,-1.0534E-12,000.0000E-3,290.7047E-12,400.0000E-3,16.1463E-12,5.0000E+0,4.2873E-12,500.0000E-3,383.4266E-12,400.0000E-3,15.8495E-12,5.0000E+0,1.5958E-12,1.0000E+0,370.8420E-12,400.0000E-3,14.1114E-12,5.0000E+0,-2.6935E-12,1.5000E+0,278.7093E-12,400.0000E-3,14.4082E-12,5.0000E+0,880.9897E-15,2.0000E+0,285.6961E-12,400.0000E-3,12.7549E-12,5.0000E+0,13.8755E-12,2.5000E+0,290.1575E-12,400.0000E-3,15.3832E-12,5.0000E+0,6.0535E-12,3.0000E+0,313.3485E-12,400.0000E-3,11.9070E-12,5.0000E+0,10.5112E-12,3.5000E+0,292.8512E-12,400.0000E-3,13.3060E-12,5.0000E+0,12.7821E-12,4.0000E+0,238.5985E-12,400.0000E-3,11.5255E-12,5.0000E+0,15.9782E-12,4.5000E+0,328.2059E-12,400.0000E-3,13.1788E-12,5.0000E+0,-4.8803E-12,5.0000E+0
316.0843E-12,450.0000E-3,29.7543E-12,5.0000E+0,-1.0114E-12,-2.0000E+0,376.3136E-12,450.0000E-3,19.1985E-12,5.0000E+0,2.0584E-12,-1.5000E+0,390.5817E-12,450.0000E-3,16.1039E-12,5.0000E+0,2.4369E-12,-1.0000E+0,357.9628E-12,450.0000E-3,15.9767E-12,5.0000E+0,10.5533E-12,-500.0000E-3,336.8341E-12,450.0000E-3,15.5104E-12,5.0000E+0,-5.1747E-12,000.0000E-3,394.9169E-12,450.0000E-3,15.3832E-12,5.0000E+0,8.1142E-12,500.0000E-3,421.8117E-12,450.0000E-3,14.3234E-12,5.0000E+0,7.2310E-12,1.0000E+0,459.3129E-12,450.0000E-3,14.6625E-12,5.0000E+0,-927.3277E-15,1.5000E+0,384.6893E-12,450.0000E-3,13.4332E-12,5.0000E+0,2.0584E-12,2.0000E+0,324.4600E-12,450.0000E-3,13.7299E-12,5.0000E+0,17.3239E-12,2.5000E+0,341.1693E-12,450.0000E-3,12.3733E-12,5.0000E+0,5.2545E-12,3.0000E+0,400.0517E-12,450.0000E-3,15.1289E-12,5.0000E+0,14.5484E-12,3.5000E+0,397.1476E-12,450.0000E-3,12.8820E-12,5.0000E+0,6.2217E-12,4.0000E+0,311.3282E-12,450.0000E-3,13.3483E-12,5.0000E+0,12.9083E-12,4.5000E+0,373.7040E-12,450.0000E-3,13.6875E-12,5.0000E+0,334.2743E-15,5.0000E+0
374.9246E-12,500.0000E-3,27.3803E-12,5.0000E+0,-3.2402E-12,-2.0000E+0,472.9919E-12,500.0000E-3,19.0713E-12,5.0000E+0,9.2917E-12,-1.5000E+0,474.0441E-12,500.0000E-3,17.1213E-12,5.0000E+0,5.1283E-12,-1.0000E+0,434.9434E-12,500.0000E-3,14.1538E-12,5.0000E+0,7.4834E-12,-500.0000E-3,408.5537E-12,500.0000E-3,15.2560E-12,5.0000E+0,-3.9972E-12,000.0000E-3,494.7098E-12,500.0000E-3,17.3333E-12,5.0000E+0,9.7963E-12,500.0000E-3,533.0948E-12,500.0000E-3,14.4930E-12,5.0000E+0,6.1797E-12,1.0000E+0,552.7504E-12,500.0000E-3,14.6201E-12,5.0000E+0,9.7542E-12,1.5000E+0,413.5202E-12,500.0000E-3,13.9843E-12,5.0000E+0,5.5909E-12,2.0000E+0,402.9979E-12,500.0000E-3,13.0940E-12,5.0000E+0,13.2026E-12,2.5000E+0,435.9115E-12,500.0000E-3,13.3060E-12,5.0000E+0,3.2780E-12,3.0000E+0,568.9967E-12,500.0000E-3,12.5005E-12,5.0000E+0,13.5391E-12,3.5000E+0,459.1446E-12,500.0000E-3,11.5679E-12,5.0000E+0,5.9274E-12,4.0000E+0,398.7470E-12,500.0000E-3,14.3234E-12,5.0000E+0,8.3244E-12,4.5000E+0,439.3628E-12,500.0000E-3,13.1364E-12,5.0000E+0,923.0394E-15,5.0000E+0
461.4174E-12,550.0000E-3,27.3379E-12,5.0000E+0,-2.0627E-12,-2.0000E+0,547.4472E-12,550.0000E-3,19.4529E-12,5.0000E+0,3.9929E-12,-1.5000E+0,548.9624E-12,550.0000E-3,14.3234E-12,5.0000E+0,-927.3277E-15,-1.0000E+0,564.9141E-12,550.0000E-3,16.1463E-12,5.0000E+0,2.0164E-12,-500.0000E-3,521.7729E-12,550.0000E-3,16.0191E-12,5.0000E+0,-170.3637E-15,000.0000E-3,594.9656E-12,550.0000E-3,15.2984E-12,5.0000E+0,8.9973E-12,500.0000E-3,717.6549E-12,550.0000E-3,14.1538E-12,5.0000E+0,-3.3664E-12,1.0000E+0,644.7569E-12,550.0000E-3,13.7723E-12,5.0000E+0,6.8946E-12,1.5000E+0,494.1626E-12,550.0000E-3,13.9419E-12,5.0000E+0,3.6565E-12,2.0000E+0,512.3871E-12,550.0000E-3,12.9244E-12,5.0000E+0,9.8804E-12,2.5000E+0,534.9888E-12,550.0000E-3,12.9669E-12,5.0000E+0,8.3244E-12,3.0000E+0,699.7250E-12,550.0000E-3,11.8222E-12,5.0000E+0,15.6417E-12,3.5000E+0,561.8837E-12,550.0000E-3,14.1114E-12,5.0000E+0,12.8662E-12,4.0000E+0,471.0137E-12,550.0000E-3,12.7549E-12,5.0000E+0,3.6144E-12,4.5000E+0,591.1355E-12,550.0000E-3,14.1114E-12,5.0000E+0,502.4869E-15,5.0000E+0
546.4371E-12,600.0000E-3,28.0586E-12,5.0000E+0,-2.6094E-12,-2.0000E+0,671.3992E-12,600.0000E-3,16.7821E-12,5.0000E+0,1.4276E-12,-1.5000E+0,729.0610E-12,600.0000E-3,16.2734E-12,5.0000E+0,7.8618E-12,-1.0000E+0,693.7484E-12,600.0000E-3,15.7223E-12,5.0000E+0,8.7449E-12,-500.0000E-3,683.6891E-12,600.0000E-3,16.7821E-12,5.0000E+0,-1.8525E-12,000.0000E-3,708.4374E-12,600.0000E-3,14.9593E-12,5.0000E+0,7.1049E-12,500.0000E-3,770.9816E-12,600.0000E-3,13.1364E-12,5.0000E+0,1.9743E-12,1.0000E+0,817.3215E-12,600.0000E-3,14.6201E-12,5.0000E+0,1.0912E-12,1.5000E+0,632.2564E-12,600.0000E-3,13.4755E-12,5.0000E+0,2.6892E-12,2.0000E+0,607.5923E-12,600.0000E-3,11.5679E-12,5.0000E+0,11.8149E-12,2.5000E+0,637.6859E-12,600.0000E-3,13.0092E-12,5.0000E+0,4.1611E-12,3.0000E+0,780.6620E-12,600.0000E-3,13.2212E-12,5.0000E+0,14.3381E-12,3.5000E+0,725.1046E-12,600.0000E-3,15.6799E-12,5.0000E+0,12.9503E-12,4.0000E+0,589.4941E-12,600.0000E-3,14.7473E-12,5.0000E+0,6.2638E-12,4.5000E+0,616.7256E-12,600.0000E-3,14.0690E-12,5.0000E+0,5.5068E-12,5.0000E+0
644.2939E-12,650.0000E-3,26.4476E-12,5.0000E+0,2.2687E-12,-2.0000E+0,768.7509E-12,650.0000E-3,18.4355E-12,5.0000E+0,2.0584E-12,-1.5000E+0,822.8352E-12,650.0000E-3,18.8170E-12,5.0000E+0,8.9132E-12,-1.0000E+0,843.5430E-12,650.0000E-3,16.1887E-12,5.0000E+0,2.1425E-12,-500.0000E-3,811.7237E-12,650.0000E-3,14.6201E-12,5.0000E+0,2.8995E-12,000.0000E-3,837.9872E-12,650.0000E-3,16.2311E-12,5.0000E+0,4.3293E-12,500.0000E-3,951.7537E-12,650.0000E-3,14.1114E-12,5.0000E+0,1.6379E-12,1.0000E+0,924.0170E-12,650.0000E-3,15.3832E-12,5.0000E+0,5.3386E-12,1.5000E+0,753.5989E-12,650.0000E-3,12.9244E-12,5.0000E+0,-7.9082E-12,2.0000E+0,737.8155E-12,650.0000E-3,13.8995E-12,5.0000E+0,10.5533E-12,2.5000E+0,774.6433E-12,650.0000E-3,12.0342E-12,5.0000E+0,2.7733E-12,3.0000E+0,914.1682E-12,650.0000E-3,12.7973E-12,5.0000E+0,13.0344E-12,3.5000E+0,826.4969E-12,650.0000E-3,13.9419E-12,5.0000E+0,13.5391E-12,4.0000E+0,729.1873E-12,650.0000E-3,14.9169E-12,5.0000E+0,5.8012E-12,4.5000E+0,761.5958E-12,650.0000E-3,16.4430E-12,5.0000E+0,1.3856E-12,5.0000E+0
737.3104E-12,700.0000E-3,25.7270E-12,5.0000E+0,3.4462E-12,-2.0000E+0,968.0421E-12,700.0000E-3,18.6474E-12,5.0000E+0,-675.0156E-15,-1.5000E+0,938.5798E-12,700.0000E-3,16.6550E-12,5.0000E+0,10.3430E-12,-1.0000E+0,1.0531E-9,700.0000E-3,16.2734E-12,5.0000E+0,670.6996E-15,-500.0000E-3,975.9549E-12,700.0000E-3,18.2235E-12,5.0000E+0,-3.1982E-12,000.0000E-3,970.3570E-12,700.0000E-3,15.0441E-12,5.0000E+0,5.6750E-12,500.0000E-3,1.0778E-9,700.0000E-3,13.6027E-12,5.0000E+0,-885.2780E-15,1.0000E+0,1.0919E-9,700.0000E-3,12.9669E-12,5.0000E+0,4.9181E-12,1.5000E+0,918.0404E-12,700.0000E-3,14.7897E-12,5.0000E+0,-1.6842E-12,2.0000E+0,849.8142E-12,700.0000E-3,15.2136E-12,5.0000E+0,9.5019E-12,2.5000E+0,965.6009E-12,700.0000E-3,14.4506E-12,5.0000E+0,11.8149E-12,3.0000E+0,1.0821E-9,700.0000E-3,12.6700E-12,5.0000E+0,15.9782E-12,3.5000E+0,995.6524E-12,700.0000E-3,14.4930E-12,5.0000E+0,10.6794E-12,4.0000E+0,875.9094E-12,700.0000E-3,13.6027E-12,5.0000E+0,7.3992E-12,4.5000E+0,897.5010E-12,700.0000E-3,12.6277E-12,5.0000E+0,3.0257E-12,5.0000E+0
888.0310E-12,750.0000E-3,27.0412E-12,5.0000E+0,-464.7394E-15,-2.0000E+0,1.1245E-9,750.0000E-3,18.0963E-12,5.0000E+0,-2.9038E-12,-1.5000E+0,1.1518E-9,750.0000E-3,15.0017E-12,5.0000E+0,4.6237E-12,-1.0000E+0,1.2300E-9,750.0000E-3,16.4430E-12,5.0000E+0,3.9929E-12,-500.0000E-3,1.1584E-9,750.0000E-3,16.3583E-12,5.0000E+0,4.1190E-12,000.0000E-3,1.2229E-9,750.0000E-3,16.3158E-12,5.0000E+0,-1.2637E-12,500.0000E-3,1.2639E-9,750.0000E-3,13.9419E-12,5.0000E+0,-969.3912E-15,1.0000E+0,1.2876E-9,750.0000E-3,13.8571E-12,5.0000E+0,1.5958E-12,1.5000E+0,1.0733E-9,750.0000E-3,13.6027E-12,5.0000E+0,3.0677E-12,2.0000E+0,1.0112E-9,750.0000E-3,13.4332E-12,5.0000E+0,14.0437E-12,2.5000E+0,1.1382E-9,750.0000E-3,12.5429E-12,5.0000E+0,12.1513E-12,3.0000E+0,1.2244E-9,750.0000E-3,13.3060E-12,5.0000E+0,8.8711E-12,3.5000E+0,1.2059E-9,750.0000E-3,14.4930E-12,5.0000E+0,10.2589E-12,4.0000E+0,1.0498E-9,750.0000E-3,14.8321E-12,5.0000E+0,11.9831E-12,4.5000E+0,1.0901E-9,750.0000E-3,13.5179E-12,5.0000E+0,7.2310E-12,5.0000E+0
1.0271E-9,800.0000E-3,24.7096E-12,5.0000E+0,-2.0207E-12,-2.0000E+0,1.3424E-9,800.0000E-3,18.9018E-12,5.0000E+0,-7.0251E-12,-1.5000E+0,1.3739E-9,800.0000E-3,19.0290E-12,5.0000E+0,8.5767E-12,-1.0000E+0,1.3886E-9,800.0000E-3,15.8495E-12,5.0000E+0,3.7406E-12,-500.0000E-3,1.2992E-9,800.0000E-3,15.6799E-12,5.0000E+0,5.5909E-12,000.0000E-3,1.4205E-9,800.0000E-3,15.9767E-12,5.0000E+0,-1.1796E-12,500.0000E-3,1.5390E-9,800.0000E-3,14.9169E-12,5.0000E+0,-1.5581E-12,1.0000E+0,1.4190E-9,800.0000E-3,15.1713E-12,5.0000E+0,6.6843E-12,1.5000E+0,1.2401E-9,800.0000E-3,13.6875E-12,5.0000E+0,-2.2730E-12,2.0000E+0,1.1864E-9,800.0000E-3,12.9244E-12,5.0000E+0,7.9459E-12,2.5000E+0,1.3114E-9,800.0000E-3,14.1538E-12,5.0000E+0,10.6374E-12,3.0000E+0,1.4583E-9,800.0000E-3,13.0940E-12,5.0000E+0,10.7215E-12,3.5000E+0,1.3992E-9,800.0000E-3,14.7049E-12,5.0000E+0,12.0251E-12,4.0000E+0,1.2292E-9,800.0000E-3,14.2810E-12,5.0000E+0,10.4692E-12,4.5000E+0,1.2993E-9,800.0000E-3,14.6625E-12,5.0000E+0,5.0022E-12,5.0000E+0
1.2078E-9,850.0000E-3,25.2183E-12,5.0000E+0,-5.0065E-12,-2.0000E+0,1.5162E-9,850.0000E-3,18.7746E-12,5.0000E+0,-6.1419E-12,-1.5000E+0,1.6213E-9,850.0000E-3,15.0441E-12,5.0000E+0,11.0579E-12,-1.0000E+0,1.5743E-9,850.0000E-3,16.7821E-12,5.0000E+0,-2.2309E-12,-500.0000E-3,1.4625E-9,850.0000E-3,15.4680E-12,5.0000E+0,2.1005E-12,000.0000E-3,1.6378E-9,850.0000E-3,15.5528E-12,5.0000E+0,9.4178E-12,500.0000E-3,1.7415E-9,850.0000E-3,12.4157E-12,5.0000E+0,-3.2402E-12,1.0000E+0,1.7833E-9,850.0000E-3,14.9169E-12,5.0000E+0,9.2075E-12,1.5000E+0,1.4310E-9,850.0000E-3,11.4830E-12,5.0000E+0,-2.3151E-12,2.0000E+0,1.4231E-9,850.0000E-3,14.6201E-12,5.0000E+0,14.5484E-12,2.5000E+0,1.5608E-9,850.0000E-3,14.2810E-12,5.0000E+0,4.0770E-12,3.0000E+0,1.6108E-9,850.0000E-3,12.4581E-12,5.0000E+0,7.1469E-12,3.5000E+0,1.6061E-9,850.0000E-3,14.0266E-12,5.0000E+0,9.1234E-12,4.0000E+0,1.3891E-9,850.0000E-3,14.4506E-12,5.0000E+0,12.9924E-12,4.5000E+0,1.5089E-9,850.0000E-3,12.2037E-12,5.0000E+0,5.2545E-12,5.0000E+0
1.3904E-9,900.0000E-3,25.5574E-12,5.0000E+0,-590.8884E-15,-2.0000E+0,1.6361E-9,900.0000E-3,18.8170E-12,5.0000E+0,-1.7263E-12,-1.5000E+0,1.8566E-9,900.0000E-3,15.7647E-12,5.0000E+0,9.7542E-12,-1.0000E+0,1.7503E-9,900.0000E-3,14.4082E-12,5.0000E+0,-1.5581E-12,-500.0000E-3,1.6420E-9,900.0000E-3,16.9517E-12,5.0000E+0,796.8626E-15,000.0000E-3,1.8921E-9,900.0000E-3,15.8495E-12,5.0000E+0,2.6472E-12,500.0000E-3,1.9724E-9,900.0000E-3,15.5104E-12,5.0000E+0,1.4697E-12,1.0000E+0,1.9514E-9,900.0000E-3,14.3658E-12,5.0000E+0,10.8897E-12,1.5000E+0,1.7106E-9,900.0000E-3,13.4332E-12,5.0000E+0,1.7220E-12,2.0000E+0,1.6870E-9,900.0000E-3,12.8820E-12,5.0000E+0,9.8804E-12,2.5000E+0,1.8511E-9,900.0000E-3,11.1439E-12,5.0000E+0,2.3949E-12,3.0000E+0,1.9652E-9,900.0000E-3,14.7049E-12,5.0000E+0,11.9831E-12,3.5000E+0,1.8236E-9,900.0000E-3,15.0017E-12,5.0000E+0,16.6090E-12,4.0000E+0,1.6258E-9,900.0000E-3,17.1213E-12,5.0000E+0,12.7821E-12,4.5000E+0,1.6846E-9,900.0000E-3,11.9494E-12,5.0000E+0,-2.2309E-12,5.0000E+0
1.5767E-9,950.0000E-3,24.5400E-12,5.0000E+0,-128.3140E-15,-2.0000E+0,1.9436E-9,950.0000E-3,20.1311E-12,5.0000E+0,1.4276E-12,-1.5000E+0,2.0413E-9,950.0000E-3,17.2485E-12,5.0000E+0,3.7826E-12,-1.0000E+0,2.0204E-9,950.0000E-3,16.1039E-12,5.0000E+0,-170.3637E-15,-500.0000E-3,1.8798E-9,950.0000E-3,15.6376E-12,5.0000E+0,6.6423E-12,000.0000E-3,2.1184E-9,950.0000E-3,15.6799E-12,5.0000E+0,6.4741E-12,500.0000E-3,2.2148E-9,950.0000E-3,15.0864E-12,5.0000E+0,3.3200E-12,1.0000E+0,2.2574E-9,950.0000E-3,14.3658E-12,5.0000E+0,9.1655E-12,1.5000E+0,1.8880E-9,950.0000E-3,13.6875E-12,5.0000E+0,3.4462E-12,2.0000E+0,1.9164E-9,950.0000E-3,12.2462E-12,5.0000E+0,12.5718E-12,2.5000E+0,2.0450E-9,950.0000E-3,12.1190E-12,5.0000E+0,5.7171E-12,3.0000E+0,2.2576E-9,950.0000E-3,12.4581E-12,5.0000E+0,14.6745E-12,3.5000E+0,1.9796E-9,950.0000E-3,13.9843E-12,5.0000E+0,16.8613E-12,4.0000E+0,1.9442E-9,950.0000E-3,13.4332E-12,5.0000E+0,11.5205E-12,4.5000E+0,1.9638E-9,950.0000E-3,14.2810E-12,5.0000E+0,9.1234E-12,5.0000E+0
1.8841E-9,1.0000E+0,25.7270E-12,5.0000E+0,81.9622E-15,-2.0000E+0,2.1661E-9,1.0000E+0,17.2909E-12,5.0000E+0,1.2174E-12,-1.5000E+0,2.3434E-9,1.0000E+0,16.3583E-12,5.0000E+0,7.1469E-12,-1.0000E+0,2.2108E-9,1.0000E+0,12.9669E-12,5.0000E+0,-170.3637E-15,-500.0000E-3,2.3137E-9,1.0000E+0,14.9169E-12,5.0000E+0,-5.0065E-12,000.0000E-3,2.3530E-9,1.0000E+0,16.1463E-12,5.0000E+0,3.1518E-12,500.0000E-3,2.5962E-9,1.0000E+0,12.5853E-12,5.0000E+0,-5.1747E-12,1.0000E+0,2.5171E-9,1.0000E+0,13.8147E-12,5.0000E+0,8.6608E-12,1.5000E+0,2.2370E-9,1.0000E+0,13.1364E-12,5.0000E+0,-1.5581E-12,2.0000E+0,2.3393E-9,1.0000E+0,12.8820E-12,5.0000E+0,11.1841E-12,2.5000E+0,2.2803E-9,1.0000E+0,14.1962E-12,5.0000E+0,11.3523E-12,3.0000E+0,2.5323E-9,1.0000E+0,14.0690E-12,5.0000E+0,10.9318E-12,3.5000E+0,2.2358E-9,1.0000E+0,15.4256E-12,5.0000E+0,18.3332E-12,4.0000E+0,2.1928E-9,1.0000E+0,13.9843E-12,5.0000E+0,8.6608E-12,4.5000E+0,2.2797E-9,1.0000E+0,12.2885E-12,5.0000E+0,5.5489E-12,5.0000E+0
2.2071E-9,1.0500E+0,25.5150E-12,5.0000E+0,5.2124E-12,-2.0000E+0,2.4434E-9,1.0500E+0,18.0115E-12,5.0000E+0,-2.9038E-12,-1.5000E+0,2.6884E-9,1.0500E+0,15.9343E-12,5.0000E+0,8.2403E-12,-1.0000E+0,2.5031E-9,1.0500E+0,14.5777E-12,5.0000E+0,2.6892E-12,-500.0000E-3,2.4973E-9,1.0500E+0,16.0615E-12,5.0000E+0,-1.2217E-12,000.0000E-3,2.5396E-9,1.0500E+0,15.2136E-12,5.0000E+0,6.5161E-12,500.0000E-3,2.8213E-9,1.0500E+0,13.7299E-12,5.0000E+0,-1.3478E-12,1.0000E+0,2.7922E-9,1.0500E+0,14.5353E-12,5.0000E+0,6.6843E-12,1.5000E+0,2.5481E-9,1.0500E+0,12.6700E-12,5.0000E+0,3.1939E-12,2.0000E+0,2.5517E-9,1.0500E+0,11.6103E-12,5.0000E+0,10.5533E-12,2.5000E+0,2.5835E-9,1.0500E+0,12.2885E-12,5.0000E+0,3.8247E-12,3.0000E+0,2.8459E-9,1.0500E+0,14.9593E-12,5.0000E+0,12.8242E-12,3.5000E+0,2.6649E-9,1.0500E+0,11.9494E-12,5.0000E+0,9.8383E-12,4.0000E+0,2.5053E-9,1.0500E+0,14.6625E-12,5.0000E+0,10.5112E-12,4.5000E+0,2.5686E-9,1.0500E+0,11.8646E-12,5.0000E+0,2.1846E-12,5.0000E+0
2.5403E-9,1.1000E+0,24.0313E-12,5.0000E+0,418.3875E-15,-2.0000E+0,2.7590E-9,1.1000E+0,18.3083E-12,5.0000E+0,-2.7776E-12,-1.5000E+0,2.9577E-9,1.1000E+0,16.9093E-12,5.0000E+0,8.7870E-12,-1.0000E+0,2.7920E-9,1.1000E+0,15.4680E-12,5.0000E+0,-2.1510E-15,-500.0000E-3,2.7290E-9,1.1000E+0,16.1463E-12,5.0000E+0,-2.1889E-12,000.0000E-3,2.7960E-9,1.1000E+0,15.8919E-12,5.0000E+0,-1.7263E-12,500.0000E-3,3.2359E-9,1.1000E+0,15.0017E-12,5.0000E+0,1.4697E-12,1.0000E+0,3.1136E-9,1.1000E+0,12.8397E-12,5.0000E+0,6.4741E-12,1.5000E+0,2.8078E-9,1.1000E+0,14.2386E-12,5.0000E+0,7.4834E-12,2.0000E+0,2.9183E-9,1.1000E+0,11.6950E-12,5.0000E+0,14.2960E-12,2.5000E+0,2.9370E-9,1.1000E+0,11.8222E-12,5.0000E+0,8.4085E-12,3.0000E+0,3.2650E-9,1.1000E+0,13.6875E-12,5.0000E+0,9.6281E-12,3.5000E+0,3.0966E-9,1.1000E+0,12.8397E-12,5.0000E+0,9.6281E-12,4.0000E+0,2.8814E-9,1.1000E+0,14.4930E-12,5.0000E+0,11.5626E-12,4.5000E+0,2.8856E-9,1.1000E+0,14.8321E-12,5.0000E+0,6.6002E-12,5.0000E+0
2.8819E-9,1.1500E+0,24.8792E-12,5.0000E+0,-4.5859E-12,-2.0000E+0,2.9466E-9,1.1500E+0,20.7247E-12,5.0000E+0,81.9622E-15,-1.5000E+0,3.3674E-9,1.1500E+0,12.7973E-12,5.0000E+0,7.8198E-12,-1.0000E+0,3.1611E-9,1.1500E+0,16.5278E-12,5.0000E+0,376.3378E-15,-500.0000E-3,3.0684E-9,1.1500E+0,13.6027E-12,5.0000E+0,2.1005E-12,000.0000E-3,3.1525E-9,1.1500E+0,15.6376E-12,5.0000E+0,6.8946E-12,500.0000E-3,3.5884E-9,1.1500E+0,13.7299E-12,5.0000E+0,3.9929E-12,1.0000E+0,3.5817E-9,1.1500E+0,14.9169E-12,5.0000E+0,12.3195E-12,1.5000E+0,3.2189E-9,1.1500E+0,13.5179E-12,5.0000E+0,6.6002E-12,2.0000E+0,3.2193E-9,1.1500E+0,13.2212E-12,5.0000E+0,12.4036E-12,2.5000E+0,3.3043E-9,1.1500E+0,12.3309E-12,5.0000E+0,14.5484E-12,3.0000E+0,3.5431E-9,1.1500E+0,14.9593E-12,5.0000E+0,9.1234E-12,3.5000E+0,3.5184E-9,1.1500E+0,14.7049E-12,5.0000E+0,11.5205E-12,4.0000E+0,3.3189E-9,1.1500E+0,14.4082E-12,5.0000E+0,10.2168E-12,4.5000E+0,3.2146E-9,1.1500E+0,13.9419E-12,5.0000E+0,5.8433E-12,5.0000E+0
3.1188E-9,1.2000E+0,24.5823E-12,5.0000E+0,-3.4925E-12,-2.0000E+0,3.3465E-9,1.2000E+0,17.2061E-12,5.0000E+0,-3.2823E-12,-1.5000E+0,3.7907E-9,1.2000E+0,15.5528E-12,5.0000E+0,4.2452E-12,-1.0000E+0,3.5917E-9,1.2000E+0,16.1463E-12,5.0000E+0,-2.1468E-12,-500.0000E-3,3.3923E-9,1.2000E+0,15.0441E-12,5.0000E+0,5.0863E-12,000.0000E-3,3.3705E-9,1.2000E+0,14.8321E-12,5.0000E+0,-1.0534E-12,500.0000E-3,4.0773E-9,1.2000E+0,14.4082E-12,5.0000E+0,7.8198E-12,1.0000E+0,3.9099E-9,1.2000E+0,14.4930E-12,5.0000E+0,4.7078E-12,1.5000E+0,3.5215E-9,1.2000E+0,14.0266E-12,5.0000E+0,1.3435E-12,2.0000E+0,3.5970E-9,1.2000E+0,12.0342E-12,5.0000E+0,19.3845E-12,2.5000E+0,3.7348E-9,1.2000E+0,13.2212E-12,5.0000E+0,11.0579E-12,3.0000E+0,4.0912E-9,1.2000E+0,15.5951E-12,5.0000E+0,6.2217E-12,3.5000E+0,3.9175E-9,1.2000E+0,16.0615E-12,5.0000E+0,11.5205E-12,4.0000E+0,3.7057E-9,1.2000E+0,14.8321E-12,5.0000E+0,13.6652E-12,4.5000E+0,3.5278E-9,1.2000E+0,13.6875E-12,5.0000E+0,-717.0514E-15,5.0000E+0
3.6082E-9,1.2500E+0,22.0388E-12,5.0000E+0,2.3107E-12,-2.0000E+0,3.7261E-9,1.2500E+0,18.6474E-12,5.0000E+0,2.8154E-12,-1.5000E+0,4.1952E-9,1.2500E+0,16.3583E-12,5.0000E+0,5.0863E-12,-1.0000E+0,3.8952E-9,1.2500E+0,14.9169E-12,5.0000E+0,1.1753E-12,-500.0000E-3,3.7986E-9,1.2500E+0,13.9419E-12,5.0000E+0,4.6237E-12,000.0000E-3,3.8632E-9,1.2500E+0,16.0191E-12,5.0000E+0,-380.6261E-15,500.0000E-3,4.3304E-9,1.2500E+0,16.0615E-12,5.0000E+0,5.7591E-12,1.0000E+0,4.4331E-9,1.2500E+0,15.2136E-12,5.0000E+0,13.3709E-12,1.5000E+0,3.9509E-9,1.2500E+0,13.4755E-12,5.0000E+0,4.5816E-12,2.0000E+0,4.1155E-9,1.2500E+0,12.6277E-12,5.0000E+0,19.1743E-12,2.5000E+0,4.3287E-9,1.2500E+0,12.9669E-12,5.0000E+0,14.0858E-12,3.0000E+0,4.4653E-9,1.2500E+0,13.6875E-12,5.0000E+0,6.8525E-12,3.5000E+0,4.3102E-9,1.2500E+0,12.7125E-12,5.0000E+0,9.6701E-12,4.0000E+0,4.1562E-9,1.2500E+0,13.0516E-12,5.0000E+0,12.2775E-12,4.5000E+0,3.9328E-9,1.2500E+0,14.6625E-12,5.0000E+0,2.3528E-12,5.0000E+0
3.9693E-9,1.3000E+0,23.9889E-12,5.0000E+0,-6.3522E-12,-2.0000E+0,4.1374E-9,1.3000E+0,18.5627E-12,5.0000E+0,2.4369E-12,-1.5000E+0,4.6953E-9,1.3000E+0,15.0441E-12,5.0000E+0,8.4506E-12,-1.0000E+0,4.3897E-9,1.3000E+0,16.3583E-12,5.0000E+0,-3.6187E-12,-500.0000E-3,4.4833E-9,1.3000E+0,15.5951E-12,5.0000E+0,3.2780E-12,000.0000E-3,4.2539E-9,1.3000E+0,16.6974E-12,5.0000E+0,1.6379E-12,500.0000E-3,4.8983E-9,1.3000E+0,13.6027E-12,5.0000E+0,880.9897E-15,1.0000E+0,4.9147E-9,1.3000E+0,12.3733E-12,5.0000E+0,4.4555E-12,1.5000E+0,4.3536E-9,1.3000E+0,11.2288E-12,5.0000E+0,2.4369E-12,2.0000E+0,4.5037E-9,1.3000E+0,14.4930E-12,5.0000E+0,16.6511E-12,2.5000E+0,4.8189E-9,1.3000E+0,14.7473E-12,5.0000E+0,13.5391E-12,3.0000E+0,4.9394E-9,1.3000E+0,12.3309E-12,5.0000E+0,7.4413E-12,3.5000E+0,4.9990E-9,1.3000E+0,13.8147E-12,5.0000E+0,8.0300E-12,4.0000E+0,4.4737E-9,1.3000E+0,13.5179E-12,5.0000E+0,6.5582E-12,4.5000E+0,4.2483E-9,1.3000E+0,12.1190E-12,5.0000E+0,4.1611E-12,5.0000E+0
4.4221E-9,1.3500E+0,23.9041E-12,5.0000E+0,-2.9459E-12,-2.0000E+0,4.6605E-9,1.3500E+0,18.0115E-12,5.0000E+0,-3.9131E-12,-1.5000E+0,5.0553E-9,1.3500E+0,14.6625E-12,5.0000E+0,5.5068E-12,-1.0000E+0,4.9961E-9,1.3500E+0,15.6376E-12,5.0000E+0,-3.9551E-12,-500.0000E-3,4.8911E-9,1.3500E+0,18.3931E-12,5.0000E+0,2.0584E-12,000.0000E-3,5.0232E-9,1.3500E+0,18.0963E-12,5.0000E+0,-296.5267E-15,500.0000E-3,5.3105E-9,1.3500E+0,15.5951E-12,5.0000E+0,2.8995E-12,1.0000E+0,5.4849E-9,1.3500E+0,12.7973E-12,5.0000E+0,3.9508E-12,1.5000E+0,5.0118E-9,1.3500E+0,15.0017E-12,5.0000E+0,2.2687E-12,2.0000E+0,5.2340E-9,1.3500E+0,13.3907E-12,5.0000E+0,9.7122E-12,2.5000E+0,5.4067E-9,1.3500E+0,12.1190E-12,5.0000E+0,8.7870E-12,3.0000E+0,5.4087E-9,1.3500E+0,16.6126E-12,5.0000E+0,3.4041E-12,3.5000E+0,5.2609E-9,1.3500E+0,14.1114E-12,5.0000E+0,10.5112E-12,4.0000E+0,4.9949E-9,1.3500E+0,13.6027E-12,5.0000E+0,8.3244E-12,4.5000E+0,4.7345E-9,1.3500E+0,14.6201E-12,5.0000E+0,8.1142E-12,5.0000E+0
4.9676E-9,1.4000E+0,21.8269E-12,5.0000E+0,-338.5764E-15,-2.0000E+0,5.0886E-9,1.4000E+0,19.9616E-12,5.0000E+0,10.9318E-12,-1.5000E+0,5.7432E-9,1.4000E+0,15.1289E-12,5.0000E+0,3.1098E-12,-1.0000E+0,5.3360E-9,1.4000E+0,15.8919E-12,5.0000E+0,-6.1419E-12,-500.0000E-3,5.4154E-9,1.4000E+0,18.5627E-12,5.0000E+0,2.2266E-12,000.0000E-3,5.6601E-9,1.4000E+0,15.4680E-12,5.0000E+0,4.7078E-12,500.0000E-3,5.7220E-9,1.4000E+0,15.0017E-12,5.0000E+0,-5.9737E-12,1.0000E+0,5.9534E-9,1.4000E+0,13.9419E-12,5.0000E+0,1.9323E-12,1.5000E+0,5.1835E-9,1.4000E+0,13.9843E-12,5.0000E+0,923.0394E-15,2.0000E+0,5.7258E-9,1.4000E+0,12.3309E-12,5.0000E+0,12.9924E-12,2.5000E+0,6.0028E-9,1.4000E+0,16.0191E-12,5.0000E+0,3.2780E-12,3.0000E+0,6.0670E-9,1.4000E+0,13.9843E-12,5.0000E+0,2.8575E-12,3.5000E+0,5.5891E-9,1.4000E+0,12.1614E-12,5.0000E+0,5.9694E-12,4.0000E+0,5.5951E-9,1.4000E+0,12.1190E-12,5.0000E+0,5.4648E-12,4.5000E+0,5.2673E-9,1.4000E+0,13.4332E-12,5.0000E+0,8.7870E-12,5.0000E+0
5.3284E-9,1.4500E+0,20.0040E-12,5.0000E+0,-2.5674E-12,-2.0000E+0,5.4846E-9,1.4500E+0,18.1811E-12,5.0000E+0,838.9123E-15,-1.5000E+0,6.2773E-9,1.4500E+0,16.7821E-12,5.0000E+0,4.6237E-12,-1.0000E+0,5.9123E-9,1.4500E+0,13.3060E-12,5.0000E+0,-6.1840E-12,-500.0000E-3,5.7710E-9,1.4500E+0,13.9843E-12,5.0000E+0,-422.6758E-15,000.0000E-3,5.9674E-9,1.4500E+0,18.8170E-12,5.0000E+0,1.7220E-12,500.0000E-3,6.4617E-9,1.4500E+0,13.6027E-12,5.0000E+0,-7.6979E-12,1.0000E+0,6.4335E-9,1.4500E+0,12.3309E-12,5.0000E+0,4.4134E-12,1.5000E+0,5.8598E-9,1.4500E+0,12.4157E-12,5.0000E+0,7.6936E-12,2.0000E+0,6.2706E-9,1.4500E+0,15.9343E-12,5.0000E+0,7.8618E-12,2.5000E+0,6.5839E-9,1.4500E+0,15.5528E-12,5.0000E+0,4.9601E-12,3.0000E+0,6.6731E-9,1.4500E+0,15.5528E-12,5.0000E+0,6.5582E-12,3.5000E+0,6.0570E-9,1.4500E+0,13.3060E-12,5.0000E+0,3.2780E-12,4.0000E+0,6.2739E-9,1.4500E+0,13.1364E-12,5.0000E+0,7.6516E-12,4.5000E+0,5.8267E-9,1.4500E+0,15.5104E-12,5.0000E+0,6.8105E-12,5.0000E+0
5.8710E-9,1.5000E+0,24.2008E-12,5.0000E+0,-5.2588E-12,-2.0000E+0,6.0521E-9,1.5000E+0,17.2909E-12,5.0000E+0,1.9743E-12,-1.5000E+0,7.1787E-9,1.5000E+0,14.4930E-12,5.0000E+0,7.4413E-12,-1.0000E+0,6.5931E-9,1.5000E+0,13.5603E-12,5.0000E+0,-3.5346E-12,-500.0000E-3,6.4506E-9,1.5000E+0,15.6799E-12,5.0000E+0,-3.9131E-12,000.0000E-3,6.4898E-9,1.5000E+0,16.2311E-12,5.0000E+0,-759.1011E-15,500.0000E-3,6.6647E-9,1.5000E+0,17.2061E-12,5.0000E+0,-5.0485E-12,1.0000E+0,6.9155E-9,1.5000E+0,12.7125E-12,5.0000E+0,5.1283E-12,1.5000E+0,6.3842E-9,1.5000E+0,13.5603E-12,5.0000E+0,7.8618E-12,2.0000E+0,6.7821E-9,1.5000E+0,13.1364E-12,5.0000E+0,4.5396E-12,2.5000E+0,7.0852E-9,1.5000E+0,12.9669E-12,5.0000E+0,9.8383E-12,3.0000E+0,7.4620E-9,1.5000E+0,14.0690E-12,5.0000E+0,9.8383E-12,3.5000E+0,6.7263E-9,1.5000E+0,14.0690E-12,5.0000E+0,7.7777E-12,4.0000E+0,6.8512E-9,1.5000E+0,14.1962E-12,5.0000E+0,7.9459E-12,4.5000E+0,6.4660E-9,1.5000E+0,11.2711E-12,5.0000E+0,-1.5581E-12,5.0000E+0
6.6646E-9,1.5500E+0,23.3106E-12,5.0000E+0,-3.3243E-12,-2.0000E+0,6.5635E-9,1.5500E+0,16.9093E-12,5.0000E+0,8.5347E-12,-1.5000E+0,7.8970E-9,1.5500E+0,13.2636E-12,5.0000E+0,3.9088E-12,-1.0000E+0,7.3586E-9,1.5500E+0,16.5278E-12,5.0000E+0,628.6499E-15,-500.0000E-3,7.0533E-9,1.5500E+0,15.3832E-12,5.0000E+0,-3.4505E-12,000.0000E-3,6.7209E-9,1.5500E+0,16.2311E-12,5.0000E+0,2.4790E-12,500.0000E-3,7.2560E-9,1.5500E+0,14.8321E-12,5.0000E+0,-4.2495E-12,1.0000E+0,7.7065E-9,1.5500E+0,15.5528E-12,5.0000E+0,4.7919E-12,1.5000E+0,7.2530E-9,1.5500E+0,13.8147E-12,5.0000E+0,5.4648E-12,2.0000E+0,7.3285E-9,1.5500E+0,14.9593E-12,5.0000E+0,14.3801E-12,2.5000E+0,7.7515E-9,1.5500E+0,13.3483E-12,5.0000E+0,2.9836E-12,3.0000E+0,7.7767E-9,1.5500E+0,12.7549E-12,5.0000E+0,13.0765E-12,3.5000E+0,7.3640E-9,1.5500E+0,14.3658E-12,5.0000E+0,7.1469E-12,4.0000E+0,7.5689E-9,1.5500E+0,13.0092E-12,5.0000E+0,5.0442E-12,4.5000E+0,7.0724E-9,1.5500E+0,14.1962E-12,5.0000E+0,6.8525E-12,5.0000E+0
7.1927E-9,1.6000E+0,23.9465E-12,5.0000E+0,-927.3277E-15,-2.0000E+0,7.1962E-9,1.6000E+0,16.9517E-12,5.0000E+0,3.7406E-12,-1.5000E+0,8.6319E-9,1.6000E+0,16.0615E-12,5.0000E+0,7.6516E-12,-1.0000E+0,8.1096E-9,1.6000E+0,16.1039E-12,5.0000E+0,-422.6758E-15,-500.0000E-3,7.5569E-9,1.6000E+0,14.9169E-12,5.0000E+0,1.1753E-12,000.0000E-3,7.2760E-9,1.6000E+0,15.8071E-12,5.0000E+0,-1.0114E-12,500.0000E-3,8.1391E-9,1.6000E+0,14.1962E-12,5.0000E+0,-843.2283E-15,1.0000E+0,8.3344E-9,1.6000E+0,12.2885E-12,5.0000E+0,250.1749E-15,1.5000E+0,7.6747E-9,1.6000E+0,11.6950E-12,5.0000E+0,5.3386E-12,2.0000E+0,7.9541E-9,1.6000E+0,14.0266E-12,5.0000E+0,13.0765E-12,2.5000E+0,8.7170E-9,1.6000E+0,14.4506E-12,5.0000E+0,6.0535E-12,3.0000E+0,8.5052E-9,1.6000E+0,12.6277E-12,5.0000E+0,8.9973E-12,3.5000E+0,7.9310E-9,1.6000E+0,13.8995E-12,5.0000E+0,7.0628E-12,4.0000E+0,8.2035E-9,1.6000E+0,14.8321E-12,5.0000E+0,9.2917E-12,4.5000E+0,7.7069E-9,1.6000E+0,15.8919E-12,5.0000E+0,9.2917E-12,5.0000E+0
7.7106E-9,1.6500E+0,21.9541E-12,5.0000E+0,208.1113E-15,-2.0000E+0,7.8583E-9,1.6500E+0,18.3083E-12,5.0000E+0,7.5675E-12,-1.5000E+0,8.7431E-9,1.6500E+0,17.5452E-12,5.0000E+0,8.8711E-12,-1.0000E+0,8.6354E-9,1.6500E+0,14.9593E-12,5.0000E+0,880.9897E-15,-500.0000E-3,8.1163E-9,1.6500E+0,16.8246E-12,5.0000E+0,1.9743E-12,000.0000E-3,8.1107E-9,1.6500E+0,15.2560E-12,5.0000E+0,-3.7028E-12,500.0000E-3,8.8294E-9,1.6500E+0,16.1463E-12,5.0000E+0,-2.1889E-12,1.0000E+0,9.3669E-9,1.6500E+0,13.1788E-12,5.0000E+0,6.5161E-12,1.5000E+0,8.4056E-9,1.6500E+0,12.9669E-12,5.0000E+0,2.6051E-12,2.0000E+0,8.6235E-9,1.6500E+0,12.3309E-12,5.0000E+0,12.4877E-12,2.5000E+0,9.2616E-9,1.6500E+0,14.9169E-12,5.0000E+0,4.6658E-12,3.0000E+0,9.5256E-9,1.6500E+0,11.9494E-12,5.0000E+0,4.8760E-12,3.5000E+0,9.0385E-9,1.6500E+0,14.1538E-12,5.0000E+0,4.7499E-12,4.0000E+0,8.7066E-9,1.6500E+0,15.8495E-12,5.0000E+0,7.4834E-12,4.5000E+0,8.6265E-9,1.6500E+0,14.8745E-12,5.0000E+0,10.7215E-12,5.0000E+0
8.5036E-9,1.7000E+0,21.2758E-12,5.0000E+0,-1.9786E-12,-2.0000E+0,8.2594E-9,1.7000E+0,18.1811E-12,5.0000E+0,7.5254E-12,-1.5000E+0,9.3254E-9,1.7000E+0,16.6974E-12,5.0000E+0,13.6232E-12,-1.0000E+0,9.6025E-9,1.7000E+0,17.3757E-12,5.0000E+0,-380.6261E-15,-500.0000E-3,9.0128E-9,1.7000E+0,16.4006E-12,5.0000E+0,5.4227E-12,000.0000E-3,8.9573E-9,1.7000E+0,14.8321E-12,5.0000E+0,-2.3571E-12,500.0000E-3,9.6277E-9,1.7000E+0,14.5777E-12,5.0000E+0,-7.3194E-12,1.0000E+0,9.9204E-9,1.7000E+0,13.9419E-12,5.0000E+0,6.6002E-12,1.5000E+0,9.0176E-9,1.7000E+0,15.0864E-12,5.0000E+0,6.2217E-12,2.0000E+0,9.3804E-9,1.7000E+0,14.9169E-12,5.0000E+0,6.0535E-12,2.5000E+0,9.8382E-9,1.7000E+0,14.4506E-12,5.0000E+0,7.7357E-12,3.0000E+0,10.0310E-9,1.7000E+0,12.7125E-12,5.0000E+0,5.5909E-12,3.5000E+0,9.6353E-9,1.7000E+0,13.3483E-12,5.0000E+0,3.4882E-12,4.0000E+0,9.4000E-9,1.7000E+0,12.3309E-12,5.0000E+0,5.8853E-12,4.5000E+0,9.1630E-9,1.7000E+0,14.8745E-12,5.0000E+0,9.2917E-12,5.0000E+0
9.1668E-9,1.7500E+0,24.3704E-12,5.0000E+0,-2.0627E-12,-2.0000E+0,9.0532E-9,1.7500E+0,17.8420E-12,5.0000E+0,3.2359E-12,-1.5000E+0,9.9100E-9,1.7500E+0,14.8745E-12,5.0000E+0,14.8007E-12,-1.0000E+0,10.0826E-9,1.7500E+0,16.9093E-12,5.0000E+0,1.2174E-12,-500.0000E-3,9.6794E-9,1.7500E+0,16.1887E-12,5.0000E+0,2.7313E-12,000.0000E-3,9.5456E-9,1.7500E+0,15.2560E-12,5.0000E+0,-128.3140E-15,500.0000E-3,10.1427E-9,1.7500E+0,13.0940E-12,5.0000E+0,-4.4177E-12,1.0000E+0,10.6445E-9,1.7500E+0,12.8397E-12,5.0000E+0,4.2873E-12,1.5000E+0,9.6875E-9,1.7500E+0,12.9669E-12,5.0000E+0,4.4975E-12,2.0000E+0,10.6957E-9,1.7500E+0,14.3234E-12,5.0000E+0,14.0017E-12,2.5000E+0,11.2296E-9,1.7500E+0,13.7299E-12,5.0000E+0,7.9459E-12,3.0000E+0,10.7472E-9,1.7500E+0,14.8321E-12,5.0000E+0,5.1283E-12,3.5000E+0,10.0730E-9,1.7500E+0,12.9244E-12,5.0000E+0,3.2780E-12,4.0000E+0,10.1436E-9,1.7500E+0,12.7973E-12,5.0000E+0,5.5068E-12,4.5000E+0,9.8207E-9,1.7500E+0,12.8397E-12,5.0000E+0,9.1655E-12,5.0000E+0
9.5133E-9,1.8000E+0,22.9291E-12,5.0000E+0,-338.5764E-15,-2.0000E+0,9.6203E-9,1.8000E+0,16.8246E-12,5.0000E+0,7.5675E-12,-1.5000E+0,10.6112E-9,1.8000E+0,14.1962E-12,5.0000E+0,9.7542E-12,-1.0000E+0,11.4885E-9,1.8000E+0,14.4506E-12,5.0000E+0,-4.3336E-12,-500.0000E-3,10.2647E-9,1.8000E+0,18.4355E-12,5.0000E+0,-3.2823E-12,000.0000E-3,10.3944E-9,1.8000E+0,12.5853E-12,5.0000E+0,-2.3151E-12,500.0000E-3,10.9173E-9,1.8000E+0,15.7647E-12,5.0000E+0,-2.7356E-12,1.0000E+0,11.3199E-9,1.8000E+0,10.8896E-12,5.0000E+0,7.6516E-12,1.5000E+0,10.5666E-9,1.8000E+0,12.1190E-12,5.0000E+0,2.8575E-12,2.0000E+0,11.7077E-9,1.8000E+0,13.2212E-12,5.0000E+0,12.3195E-12,2.5000E+0,11.5563E-9,1.8000E+0,13.1364E-12,5.0000E+0,18.7958E-12,3.0000E+0,11.5688E-9,1.8000E+0,14.3234E-12,5.0000E+0,4.5396E-12,3.5000E+0,11.0187E-9,1.8000E+0,12.8397E-12,5.0000E+0,7.6516E-12,4.0000E+0,10.8365E-9,1.8000E+0,15.0017E-12,5.0000E+0,7.9459E-12,4.5000E+0,10.5472E-9,1.8000E+0,14.1114E-12,5.0000E+0,3.0677E-12,5.0000E+0
10.7386E-9,1.8500E+0,21.9964E-12,5.0000E+0,3.9508E-12,-2.0000E+0,10.4234E-9,1.8500E+0,18.0115E-12,5.0000E+0,-1.0534E-12,-1.5000E+0,11.3992E-9,1.8500E+0,14.7473E-12,5.0000E+0,12.1093E-12,-1.0000E+0,12.3060E-9,1.8500E+0,16.3583E-12,5.0000E+0,1.2174E-12,-500.0000E-3,10.9276E-9,1.8500E+0,14.3658E-12,5.0000E+0,880.9897E-15,000.0000E-3,11.5708E-9,1.8500E+0,15.6376E-12,5.0000E+0,-969.3912E-15,500.0000E-3,11.9278E-9,1.8500E+0,14.4930E-12,5.0000E+0,2.2687E-12,1.0000E+0,11.6264E-9,1.8500E+0,14.7473E-12,5.0000E+0,8.6608E-12,1.5000E+0,11.8862E-9,1.8500E+0,14.3658E-12,5.0000E+0,10.0066E-12,2.0000E+0,12.8603E-9,1.8500E+0,15.0017E-12,5.0000E+0,14.4642E-12,2.5000E+0,12.3487E-9,1.8500E+0,13.7723E-12,5.0000E+0,16.5249E-12,3.0000E+0,12.6556E-9,1.8500E+0,13.2212E-12,5.0000E+0,8.1983E-12,3.5000E+0,11.6769E-9,1.8500E+0,11.9070E-12,5.0000E+0,13.5391E-12,4.0000E+0,11.9186E-9,1.8500E+0,13.5179E-12,5.0000E+0,4.0770E-12,4.5000E+0,11.1955E-9,1.8500E+0,15.8071E-12,5.0000E+0,7.3992E-12,5.0000E+0
11.5427E-9,1.9000E+0,20.6399E-12,5.0000E+0,376.3378E-15,-2.0000E+0,11.5124E-9,1.9000E+0,18.3931E-12,5.0000E+0,7.0208E-12,-1.5000E+0,12.4193E-9,1.9000E+0,16.3158E-12,5.0000E+0,2.8575E-12,-1.0000E+0,13.1337E-9,1.9000E+0,14.8745E-12,5.0000E+0,838.9123E-15,-500.0000E-3,12.1960E-9,1.9000E+0,16.1463E-12,5.0000E+0,-3.1141E-12,000.0000E-3,12.4268E-9,1.9000E+0,16.5278E-12,5.0000E+0,2.6472E-12,500.0000E-3,13.2854E-9,1.9000E+0,16.5702E-12,5.0000E+0,-9.1277E-12,1.0000E+0,12.3384E-9,1.9000E+0,11.1863E-12,5.0000E+0,3.1518E-12,1.5000E+0,12.5417E-9,1.9000E+0,13.7299E-12,5.0000E+0,7.3151E-12,2.0000E+0,13.9595E-9,1.9000E+0,14.4930E-12,5.0000E+0,10.4271E-12,2.5000E+0,13.5676E-9,1.9000E+0,12.3309E-12,5.0000E+0,14.3381E-12,3.0000E+0,13.2879E-9,1.9000E+0,13.3483E-12,5.0000E+0,3.1518E-12,3.5000E+0,12.9807E-9,1.9000E+0,13.4332E-12,5.0000E+0,5.9274E-12,4.0000E+0,12.7068E-9,1.9000E+0,14.4506E-12,5.0000E+0,-2.6515E-12,4.5000E+0,12.5478E-9,1.9000E+0,11.7375E-12,5.0000E+0,2.9416E-12,5.0000E+0
12.5574E-9,1.9500E+0,21.3605E-12,5.0000E+0,-1.1796E-12,-2.0000E+0,12.4203E-9,1.9500E+0,18.9442E-12,5.0000E+0,544.5505E-15,-1.5000E+0,13.3301E-9,1.9500E+0,15.2136E-12,5.0000E+0,9.1655E-12,-1.0000E+0,14.2756E-9,1.9500E+0,15.1289E-12,5.0000E+0,124.0119E-15,-500.0000E-3,13.0165E-9,1.9500E+0,15.9767E-12,5.0000E+0,-1.4319E-12,000.0000E-3,13.6122E-9,1.9500E+0,15.0441E-12,5.0000E+0,6.8105E-12,500.0000E-3,14.1383E-9,1.9500E+0,14.1114E-12,5.0000E+0,-8.2026E-12,1.0000E+0,14.0297E-9,1.9500E+0,12.5005E-12,5.0000E+0,5.1704E-12,1.5000E+0,13.3134E-9,1.9500E+0,15.0017E-12,5.0000E+0,3.4882E-12,2.0000E+0,15.1606E-9,1.9500E+0,13.0092E-12,5.0000E+0,8.0721E-12,2.5000E+0,14.2933E-9,1.9500E+0,11.8222E-12,5.0000E+0,14.4642E-12,3.0000E+0,14.6769E-9,1.9500E+0,11.9918E-12,5.0000E+0,10.0066E-12,3.5000E+0,13.4110E-9,1.9500E+0,12.3309E-12,5.0000E+0,12.6139E-12,4.0000E+0,13.9925E-9,1.9500E+0,14.5777E-12,5.0000E+0,-1.8945E-12,4.5000E+0,13.4479E-9,1.9500E+0,13.7723E-12,5.0000E+0,6.1376E-12,5.0000E+0
13.5553E-9,2.0000E+0,20.7671E-12,5.0000E+0,-3.4925E-12,-2.0000E+0,13.6020E-9,2.0000E+0,15.0441E-12,5.0000E+0,-2.2730E-12,-1.5000E+0,14.7400E-9,2.0000E+0,15.7223E-12,5.0000E+0,3.9929E-12,-1.0000E+0,14.1792E-9,2.0000E+0,14.4082E-12,5.0000E+0,754.8129E-15,-500.0000E-3,14.3910E-9,2.0000E+0,16.2311E-12,5.0000E+0,1.8902E-12,000.0000E-3,14.5127E-9,2.0000E+0,14.3658E-12,5.0000E+0,1.0912E-12,500.0000E-3,15.3769E-9,2.0000E+0,14.1114E-12,5.0000E+0,-6.1840E-12,1.0000E+0,14.9912E-9,2.0000E+0,13.3483E-12,5.0000E+0,3.0257E-12,1.5000E+0,14.6911E-9,2.0000E+0,13.7299E-12,5.0000E+0,1.7641E-12,2.0000E+0,17.4975E-9,2.0000E+0,12.5005E-12,5.0000E+0,9.2917E-12,2.5000E+0,15.5034E-9,2.0000E+0,13.5603E-12,5.0000E+0,10.1748E-12,3.0000E+0,15.1510E-9,2.0000E+0,12.1190E-12,5.0000E+0,-2.1510E-15,3.5000E+0,14.3572E-9,2.0000E+0,11.8646E-12,5.0000E+0,14.4222E-12,4.0000E+0,15.3132E-9,2.0000E+0,14.6201E-12,5.0000E+0,-2.8197E-12,4.5000E+0,14.1400E-9,2.0000E+0,15.1713E-12,5.0000E+0,1.8902E-12,5.0000E+0
